task_number,title,status
A-01,Repository and application bootstrap,Completed
A-02,Environment and secret management,Completed
A-03,Core project architecture and utility layer,Completed
A-04,Base styling and design token setup,Completed
B-01,Define Payload globals,Completed
B-02,Implement the users collection,Completed
B-03,Implement the chapters and chapterRequests collections,Completed
B-04,Implement membership collections,Completed
B-05,Implement event and registration collections,Completed
B-06,Implement commerce collections,Completed
B-07,Implement content collections,Completed
B-08,Role-based access control,Completed
C-01,Local auth flows,Completed
C-02,Google sign-in integration,Completed
C-03,Profile management,Completed
C-04,Self-service account deletion,Completed
D-01,Header navigation and mega-menu system,Completed
D-02,Footer system,Partial
D-03,Shared public components,Completed
E-01,Home page implementation,Partial
E-02,About mission and contact pages,Completed
E-03,History timeline page,Completed
E-04,Committee pages,Completed
E-05,Learning and development pages,Completed
E-06,Legal page templates,Completed
F-01,Membership overview page,Completed
F-02,Join membership flow,Completed
F-03,Stripe membership checkout,Superseded
F-04,Zelle membership payment flow,Completed
F-05,Membership renewal and reactivation flows,Completed
F-06,Membership admin controls,Completed
G-01,Chapters directory page,Completed
G-02,Chapter detail pages,Completed
G-03,Chapter request workflow,Completed
G-04,Chapter-admin content workflow,Completed
H-01,Events listing page,Completed
H-02,Event detail page,Completed
H-03,Event registration flow,Completed
H-04,Event Stripe checkout,Superseded
H-05,Event Zelle payment flow,Completed
H-06,Waitlist logic,Completed
H-07,Post-event galleries and archive behavior,Completed
I-01,Manual payment review queue,Completed
I-02,Approve / reject manual payment actions,Completed
J-01,Transactional email foundation,Completed
J-02,System-triggered emails,Completed
J-03,Admin announcements,Partial
J-04,Scheduled newsletters,Pending
K-01,Member dashboard,Pending
K-02,Payment and registration history views,Pending
K-03,Admin reporting views,Pending
L-01,Draft review and publish workflow,Partial
L-02,Seed content and admin usability pass,Pending
M-01,End-to-end flow validation,Pending
M-02,Access control and security validation,Pending
M-03,Performance and responsive QA,Pending
M-04,Launch configuration and operational checklist,Pending
